{"id":5,"enabled":1,"automationType":"manual","camera":0,"schedule":"","name":"customGraphics","customName":"","pos_x":20,"pos_y":20,"width":1920,"height":1080,"coordSystem":"top_right","clockFormat":"24h","background":"image","image":"/var/spool/storage/SD_DISK/camoverlay/user_images/Background B.png","customAreaColor":"255,255,255,0","customAreaWidth":300,"customAreaHeight":200,"customAreaCorners":"rounded","mappingZones":[{"font":"classic","fontSize":19,"name":"time","pos_x":34,"pos_y":27,"switchingTime":0,"text":[{"source":"#time\n","active":true}],"textAlign":"A_LEFT","textVerticalAlign":"VA_BOTTOM","textColor":"255,255,255,1","textLines":1,"textWidth":75,"wrapText":true},{"font":"classic","fontSize":18,"name":"date","pos_x":190,"pos_y":25,"switchingTime":0,"text":[{"source":"DECEMBER 3","active":true}],"textAlign":"A_LEFT","textVerticalAlign":"VA_BOTTOM","textColor":"255,255,255,1","textLines":1,"textWidth":149,"wrapText":true},{"font":"classic","fontSize":53,"name":"airTemperature","pos_x":145,"pos_y":78,"switchingTime":0,"text":[{"source":"5°","active":true}],"textAlign":"A_LEFT","textVerticalAlign":"VA_TOP","textColor":"255,255,255,1","textLines":1,"textWidth":50,"wrapText":false},{"font":"classic","fontSize":18,"name":"location","pos_x":109,"pos_y":143,"switchingTime":0,"text":[{"source":"CHICAGO, US","active":true}],"textAlign":"A_LEFT","textVerticalAlign":"VA_TOP","textColor":"255,255,255,1","textLines":1,"textWidth":138,"wrapText":false},{"font":"classic","fontSize":21,"name":"precipAccumLast1hr","pos_x":73,"pos_y":203,"switchingTime":0,"text":[{"source":"156 mm","active":true}],"textAlign":"A_LEFT","textVerticalAlign":"VA_TOP","textColor":"255,255,255,1","textLines":1,"textWidth":100,"wrapText":false},{"font":"classic","fontSize":21,"name":"barometricPressure","pos_x":219,"pos_y":204,"switchingTime":0,"text":[{"source":"236 hPa","active":true}],"textAlign":"A_LEFT","textVerticalAlign":"VA_TOP","textColor":"255,255,255,1","textLines":1,"textWidth":100,"wrapText":false},{"font":"classic","fontSize":14,"name":"timestamp","pos_x":54,"pos_y":254,"switchingTime":0,"text":[{"source":"November 30, 15:01","active":true}],"textAlign":"A_LEFT","textVerticalAlign":"VA_TOP","textColor":"207,206,206,1","textLines":1,"textWidth":139,"wrapText":false},{"font":"classic","fontSize":21,"name":"windAvg","pos_x":365,"pos_y":70,"switchingTime":0,"text":[{"source":"21 m/s","active":true}],"textAlign":"A_LEFT","textVerticalAlign":"VA_TOP","textColor":"255,255,255,1","textLines":1,"textWidth":71,"wrapText":false},{"font":"classic","fontSize":21,"name":"windDirection","pos_x":375,"pos_y":160,"switchingTime":0,"text":[{"source":"NNA","active":true}],"textAlign":"A_LEFT","textVerticalAlign":"VA_TOP","textColor":"255,255,255,1","textLines":1,"textWidth":49,"wrapText":false},{"font":"classic","fontSize":21,"name":"windGust","pos_x":366,"pos_y":248,"switchingTime":0,"text":[{"source":"20 m/s","active":true}],"textAlign":"A_LEFT","textVerticalAlign":"VA_TOP","textColor":"255,255,255,1","textLines":1,"textWidth":100,"wrapText":false}]}