{"id":1,"enabled":1,"automationType":"manual","camera":0,"schedule":"","name":"customGraphics","customName":"","pos_x":10,"pos_y":10,"width":1920,"height":1080,"coordSystem":"top_left","clockFormat":"24h","background":"image","image":"/var/spool/storage/SD_DISK/camoverlay/user_images/Freezer value.png","customAreaColor":"0,0,0,0.8","customAreaWidth":300,"customAreaHeight":200,"customAreaCorners":"rounded","mappingZones":[{"name":"field1","pos_x":216,"pos_y":55,"type":"plain","text":[{"source":"","active":true}],"wrapText":false,"textLines":1,"textWidth":200,"textAlign":"A_LEFT","textColor":"255,255,255,1","font":"classic","fontSize":48,"switchingTime":0,"textVerticalAlign":"VA_TOP"}]}